{"schemaVersion":"1.0","appDefinitionTemplate":{"id":"/providers/Microsoft.PowerApps/apps/","type":"Microsoft.PowerApps/apps","tags":{"primaryDeviceWidth":"768","primaryDeviceHeight":"1366","sienaVersion":"20211002T123528Z-3.21093.33.0","deviceCapabilities":"","supportsPortrait":"true","supportsLandscape":"false","primaryFormFactor":"Tablet","publisherVersion":"3.21093.33","minimumRequiredApiVersion":"2.2.0","hasComponent":"true","hasUnlockedComponent":"true","isUnifiedRootApp":"false"},"properties":{"appVersion":"2021-10-02T12:35:28Z","lifeCycleId":"Published","createdByClientVersion":{"major":3,"minor":21093,"build":33,"revision":0,"majorRevision":0,"minorRevision":0},"minClientVersion":{"major":3,"minor":21093,"build":33,"revision":0,"majorRevision":0,"minorRevision":0},"backgroundColor":"rgba(175, 229, 178, 1)","backgroundImageUri":"/15911134587447548187/Na58bbf41-953e-4e13-8c5e-a179891f5f6d-logoSmallFile","displayName":"PokéBubbles V4","description":"Live for the Community - Feel free to play with - Created by Michelle Wong @MichelleWongNL","commitMessage":"Cleaned version - LIVE on Community - Created by Michelle Wong @MichelleWongNL ","appUris":{"documentUri":{"value":"/15911134587447548187/Nd78d7eb9-e663-4e4c-b3d8-3216d6b6a70c-document.msapp"},"imageUris":[]},"createdTime":"0001-01-01T00:00:00Z","lastModifiedTime":"0001-01-01T00:00:00Z","sharedGroupsCount":0,"sharedUsersCount":0,"icons":{"smallIconUri":"/15911134587447548187/N49511b88-72b4-49e2-992d-649aab92b094-small.png","mediumIconUri":"/15911134587447548187/N28449301-57c9-463b-b538-7e094c50d16c-medium.png","largeIconUri":"/15911134587447548187/Ndda3a28b-4365-489e-b068-cd862c754903-large.png","wideIconUri":"/15911134587447548187/N951bfae3-c5e6-4daa-8a28-c3bbabc6e884-wide.png"},"connectionReferences":{},"databaseReferences":{},"almMode":"Environment","performanceOptimizationEnabled":true,"canConsumeAppPass":true,"executionRestrictions":{"isTeamsOnly":false,"dataLossPreventionEvaluationResult":{"status":"Compliant","lastEvaluationDate":"2021-05-10T20:58:42.3536493Z","violations":[],"violationsByPolicy":[],"violationErrorMessage":"The app uses the following connectors: ."}}},"appType":"ClassicCanvasApp","appComponents":[]}}